{"cameraMode":{"drawMode":0,"name":"Shaded","section":"Shading Mode"},"sceneLighting":true,"audioPlay":false,"sceneViewState":{"m_AlwaysRefresh":false,"showFog":true,"showSkybox":true,"showFlares":true,"showImageEffects":true,"showParticleSystems":true,"showVisualEffectGraphs":true,"m_FxEnabled":true},"in2DMode":false,"pivot":{"x":1.4555726051330567,"y":0.488155722618103,"z":0.3272741436958313},"rotation":{"x":-0.22524121403694154,"y":0.3386392295360565,"z":-0.08415334671735764,"w":-0.9097110629081726},"size":3.074977397918701,"orthographic":true}