{"cameraMode":{"drawMode":0,"name":"Shaded","section":"Shading Mode"},"sceneLighting":true,"audioPlay":false,"sceneViewState":{"m_AlwaysRefresh":false,"showFog":true,"showSkybox":true,"showFlares":true,"showImageEffects":true,"showParticleSystems":true,"showVisualEffectGraphs":true,"m_FxEnabled":true},"in2DMode":false,"pivot":{"x":-2.0203444957733156,"y":2.3045692443847658,"z":4.712002754211426},"rotation":{"x":0.04235738515853882,"y":0.9411016702651978,"z":-0.12756898999214173,"w":0.31040316820144656},"size":2.9229769706726076,"orthographic":true}