{"cameraMode":{"drawMode":0,"name":"Shaded","section":"Shading Mode"},"sceneLighting":true,"audioPlay":false,"sceneViewState":{"m_AlwaysRefresh":false,"showFog":true,"showSkybox":true,"showFlares":true,"showImageEffects":true,"showParticleSystems":true,"showVisualEffectGraphs":true,"m_FxEnabled":true},"in2DMode":false,"pivot":{"x":1.5608960390090943,"y":1.3357555866241456,"z":-3.9275166988372804},"rotation":{"x":0.024247154593467714,"y":0.9758991003036499,"z":-0.13985387980937959,"w":0.1661713868379593},"size":1.892051100730896,"orthographic":true}