{"cameraMode":{"drawMode":0,"name":"Shaded","section":"Shading Mode"},"sceneLighting":false,"audioPlay":false,"sceneViewState":{"m_AlwaysRefresh":false,"showFog":false,"showSkybox":false,"showFlares":false,"showImageEffects":false,"showParticleSystems":false,"showVisualEffectGraphs":true,"m_FxEnabled":true},"in2DMode":false,"pivot":{"x":-0.0000013113021850585938,"y":0.8362876176834106,"z":0.01954561471939087},"rotation":{"x":0.024247154593467714,"y":0.9758991003036499,"z":-0.13985387980937959,"w":0.1661713868379593},"size":1.2447065114974976,"orthographic":true}